{"mass":1.053,"centerOfMass":[0,0,0],"transformation":[0.707,-0.707,0,0,0.707,0.707,0,0,0,0,1,0,0,0,0.1034,1],"inertia":[0.0019371,-0.0060864,-0.032398,-0.0060864,0.000001,-0.0649856,-0.032398,-0.0649856,0.00001]}